,ADRO.JK,ANTM.JK,BBCA.JK,BBNI.JK,PTBA.JK
ADRO.JK,0.19633628780818285,0.05011124690035547,0.018350296819866524,0.019283154305538307,0.0711845002895134
ANTM.JK,0.05011124690035547,0.18664226197674727,0.009290492238940918,0.01256290128443249,0.03855367798952741
BBCA.JK,0.018350296819866524,0.009290492238940918,0.054421809430092,0.03567361413276765,0.01221540402093147
BBNI.JK,0.019283154305538307,0.01256290128443249,0.03567361413276765,0.09066105233687316,0.020300870675335193
PTBA.JK,0.0711845002895134,0.03855367798952741,0.01221540402093147,0.020300870675335193,0.11400621293221076
