,ADRO.JK,ANTM.JK,BBCA.JK,BBNI.JK,PTBA.JK
ADRO.JK,0.19466209221894235,0.04973770870424298,0.017484901744589894,0.018921443291699,0.07117741910560456
ANTM.JK,0.04973770870424298,0.18731162842398633,0.008882319147589211,0.012435095312385564,0.038913567749156955
BBCA.JK,0.017484901744589894,0.008882319147589211,0.054237198528851976,0.03568154223272809,0.012299254337030907
BBNI.JK,0.018921443291699,0.012435095312385564,0.03568154223272809,0.09113018386913553,0.020427577338492334
PTBA.JK,0.07117741910560456,0.038913567749156955,0.012299254337030907,0.020427577338492334,0.1145172958286892
