ADRO.JK,BBCA.JK,ANTM.JK,BBNI.JK,PTBA.JK,Expected Return,Expected Risk (Std),Risk Aversion (Lambda),Fitness Score
0.37309214777315247,0.1410861654502575,6.289986719407193e-16,0.19795468299498872,0.28786700378160057,0.24911736754750746,0.2713047217201249,0.5,0.11346500668744502
