ADRO.JK,BBCA.JK,ANTM.JK,BBNI.JK,PTBA.JK,Expected Return,Expected Risk (Std),Risk Aversion (Lambda),Fitness Score
0.2812918193411472,0.17480036037480248,2.968209593412267e-19,0.22633175270651154,0.31757606757753887,0.23164689242529285,0.2561288090176704,0.5,0.10358248791645766
