ADRO.JK,BBCA.JK,ANTM.JK,BBNI.JK,PTBA.JK,Expected Return,Expected Risk (Std),Risk Aversion (Lambda),Fitness Score
0.28129190504621226,0.17480045322403445,6.278531078746968e-19,0.22633176056933454,0.3175758811604187,0.23164687105685172,0.2561287764272949,0.5,0.10358249454685933
